{"cameraMode":{"drawMode":0,"name":"Shaded","section":"Shading Mode"},"sceneLighting":false,"audioPlay":false,"sceneViewState":{"m_AlwaysRefresh":false,"showFog":true,"showSkybox":false,"showFlares":true,"showImageEffects":true,"showParticleSystems":true,"showVisualEffectGraphs":true,"m_FxEnabled":true},"in2DMode":false,"pivot":{"x":39.389217376708987,"y":-8.759525299072266,"z":12.957971572875977},"rotation":{"x":0.10684902966022492,"y":0.5934444665908814,"z":-0.07988690584897995,"w":0.7937467694282532},"size":27.515247344970704,"orthographic":false}