{"cameraMode":{"drawMode":0,"name":"Shaded","section":"Shading Mode"},"sceneLighting":true,"audioPlay":false,"sceneViewState":{"m_AlwaysRefresh":false,"showFog":true,"showSkybox":true,"showFlares":true,"showImageEffects":true,"showParticleSystems":true,"showVisualEffectGraphs":true,"m_FxEnabled":true},"in2DMode":false,"pivot":{"x":2.2357864379882814,"y":11.510085105895996,"z":0.6027641296386719},"rotation":{"x":-0.02217959612607956,"y":-0.028493933379650117,"z":-0.0006328669260255992,"w":0.9993521571159363},"size":26.49941062927246,"orthographic":false}